{
    "additionalFeatures": "Adobe Flash Player 10, Quadband GSM Worldphone, Advance Business Security, Complex Password Secure, Review & Edit Documents with Quick Office, Personal 3G Mobile Hotspot for up to 5 WiFi enabled Devices, Advanced Social Networking brings all social content into a single homescreen widget", 
    "android": {
        "os": "Android 2.2", 
        "ui": ""
    }, 
    "availability": [
        "Verizon"
    ], 
    "battery": {
        "standbyTime": "330 hours", 
        "talkTime": "7 hours", 
        "type": "Lithium Ion (Li-Ion) (1400 mAH)"
    }, 
    "camera": {
        "features": [
            "Flash", 
            "Video"
        ], 
        "primary": "5.0 megapixels"
    }, 
    "connectivity": {
        "bluetooth": "Bluetooth 2.1", 
        "cell": "800/1900 CDMA EVDO Rev. A with dual diversity antenna, 850/900/1800/1900MHz GSM, GPRS Class 12, EDGE Class 12, 850/1900/2100 WCDMA (category 9/10), HSDPA 10.2mbps, HSUPA 1.8 mbps", 
        "gps": true, 
        "infrared": false, 
        "wifi": "802.11 b/g/n"
    }, 
    "description": "Access your work directory, email or calendar with DROID Pro by Motorola., an Android-for-business smartphone with corporate-level security. It features both a QWERTY keyboard and touchscreen, a speedy 1 GHz processor and Adobe\u00ae Flash\u00ae Player 10.", 
    "display": {
        "screenResolution": "HVGA (480 x 320)", 
        "screenSize": "3.1 inches", 
        "touchScreen": true
    }, 
    "hardware": {
        "accelerometer": true, 
        "audioJack": "3.5mm", 
        "cpu": "1 GHz TI OMAP", 
        "fmRadio": false, 
        "physicalKeyboard": true, 
        "usb": "USB 2.0"
    }, 
    "id": "droid-pro-by-motorola", 
    "images": [
        "img/phones/droid-pro-by-motorola.0.jpg", 
        "img/phones/droid-pro-by-motorola.1.jpg"
    ], 
    "name": "DROID\u2122 Pro by Motorola", 
    "price": "376,69 €",
    "sizeAndWeight": {
        "dimensions": [
            "61.0 mm (w)", 
            "119.0 mm (h)", 
            "11.7 mm (d)"
        ], 
        "weight": "134.0 grams"
    }, 
    "storage": {
        "flash": "2048MB", 
        "ram": "512MB"
    }
}
