{
    "additionalFeatures": "Blockbuster On Demand\u00ae movies and music downloads with connected music player\nWater-resistant and dustproof", 
    "android": {
        "os": "Android 2.1", 
        "ui": "MOTOBLUR"
    }, 
    "availability": [
        "SFR,", 
        "T-Mobile,", 
        "Vodafone"
    ], 
    "battery": {
        "standbyTime": "400 hours", 
        "talkTime": "6 hours", 
        "type": "Lithium Ion (Li-Ion) (1540 mAH)"
    }, 
    "camera": {
        "features": [
            "Flash", 
            "Video"
        ], 
        "primary": "5.0 megapixels"
    }, 
    "connectivity": {
        "bluetooth": "Bluetooth 2.1", 
        "cell": "WCDMA 850/1700/2100, GSM 850/900/1800/1900, HSDPA 7.2 Mbps (Category 7/8), EDGE Class 12, GPRS Class 12, HSUPA 2.0 Mbps", 
        "gps": true, 
        "infrared": false, 
        "wifi": "802.11 b/g/n"
    }, 
    "description": "DEFY with MOTOBLUR is ready for everything life throws your way. It's water-resistant and dustproof, with plenty of entertainment options; and, with MOTOBLUR, it automatically delivers messages and status updates right to your home screen.", 
    "display": {
        "screenResolution": "FWVGA (854 x 480)", 
        "screenSize": "3.7 inches", 
        "touchScreen": true
    }, 
    "hardware": {
        "accelerometer": true, 
        "audioJack": "3.5mm", 
        "cpu": "800 MHz TI OMAP3610", 
        "fmRadio": false, 
        "physicalKeyboard": false, 
        "usb": "USB 2.0"
    }, 
    "id": "motorola-defy-with-motoblur", 
    "images": [
        "img/phones/motorola-defy-with-motoblur.0.jpg", 
        "img/phones/motorola-defy-with-motoblur.1.jpg", 
        "img/phones/motorola-defy-with-motoblur.2.jpg"
    ], 
    "name": "Motorola DEFY\u2122 with MOTOBLUR\u2122", 
    "price": "400,69 €",
    "sizeAndWeight": {
        "dimensions": [
            "59.0 mm (w)", 
            "107.0 mm (h)", 
            "13.4 mm (d)"
        ], 
        "weight": "118.0 grams"
    }, 
    "storage": {
        "flash": "2000MB", 
        "ram": "512MB"
    }
}
