{
    "additionalFeatures": "", 
    "android": {
        "os": "Android 2.2", 
        "ui": "MOTOBLUR"
    }, 
    "availability": [
        "AT&amp;T"
    ], 
    "battery": {
        "standbyTime": "400 hours", 
        "talkTime": "5 hours", 
        "type": "Lithium Ion (Li-Ion) (1930 mAH)"
    }, 
    "camera": {
        "features": [
            ""
        ], 
        "primary": ""
    }, 
    "connectivity": {
        "bluetooth": "Bluetooth 2.1", 
        "cell": "WCDMA 850/1900/2100, GSM 850/900/1800/1900, HSDPA 14Mbps (Category 10) Edge Class 12, GPRS Class 12, eCompass, AGPS", 
        "gps": true, 
        "infrared": false, 
        "wifi": "802.11 a/b/g/n"
    }, 
    "description": "MOTOROLA ATRIX 4G gives you dual-core processing power and the revolutionary webtop application. With webtop and a compatible Motorola docking station, sold separately, you can surf the Internet with a full Firefox browser, create and edit docs, or access multimedia on a large screen almost anywhere.", 
    "display": {
        "screenResolution": "QHD (960 x 540)", 
        "screenSize": "4.0 inches", 
        "touchScreen": true
    }, 
    "hardware": {
        "accelerometer": true, 
        "audioJack": "3.5mm", 
        "cpu": "1 GHz Dual Core", 
        "fmRadio": false, 
        "physicalKeyboard": false, 
        "usb": "USB 2.0"
    }, 
    "id": "motorola-atrix-4g", 
    "images": [
        "img/phones/motorola-atrix-4g.0.jpg", 
        "img/phones/motorola-atrix-4g.1.jpg", 
        "img/phones/motorola-atrix-4g.2.jpg", 
        "img/phones/motorola-atrix-4g.3.jpg"
    ], 
    "name": "MOTOROLA ATRIX\u2122 4G", 
    "price": "485,99 €",
    "sizeAndWeight": {
        "dimensions": [
            "63.5 mm (w)", 
            "117.75 mm (h)", 
            "10.95 mm (d)"
        ], 
        "weight": "135.0 grams"
    }, 
    "storage": {
        "flash": "", 
        "ram": ""
    }
}
