{
    "additionalFeatures": "Contour Display, Near Field Communications (NFC), Three-axis gyroscope, Anti-fingerprint display coating, Internet Calling support (VoIP/SIP)", 
    "android": {
        "os": "Android 2.3", 
        "ui": "Android"
    }, 
    "availability": [
        "M1,", 
        "O2,", 
        "Orange,", 
        "Singtel,", 
        "StarHub,", 
        "T-Mobile,", 
        "Vodafone"
    ], 
    "battery": {
        "standbyTime": "428 hours", 
        "talkTime": "6 hours", 
        "type": "Lithium Ion (Li-Ion) (1500 mAH)"
    }, 
    "camera": {
        "features": [
            "Flash", 
            "Video"
        ], 
        "primary": "5.0 megapixels"
    }, 
    "connectivity": {
        "bluetooth": "Bluetooth 2.1", 
        "cell": "Quad-band GSM: 850, 900, 1800, 1900\r\nTri-band HSPA: 900, 2100, 1700\r\nHSPA type: HSDPA (7.2Mbps) HSUPA (5.76Mbps)", 
        "gps": true, 
        "infrared": false, 
        "wifi": "802.11 b/g/n"
    }, 
    "description": "Nexus S is the next generation of Nexus devices, co-developed by Google and Samsung. The latest Android platform (Gingerbread), paired with a 1 GHz Hummingbird processor and 16GB of memory, makes Nexus S one of the fastest phones on the market. It comes pre-installed with the best of Google apps and enabled with new and popular features like true multi-tasking, Wi-Fi hotspot, Internet Calling, NFC support, and full web browsing. With this device, users will also be the first to receive software upgrades and new Google mobile apps as soon as they become available. For more details, visit http://www.google.com/nexus.", 
    "display": {
        "screenResolution": "WVGA (800 x 480)", 
        "screenSize": "4.0 inches", 
        "touchScreen": true
    }, 
    "hardware": {
        "accelerometer": true, 
        "audioJack": "3.5mm", 
        "cpu": "1GHz Cortex A8 (Hummingbird) processor", 
        "fmRadio": false, 
        "physicalKeyboard": false, 
        "usb": "USB 2.0"
    }, 
    "id": "nexus-s", 
    "images": [
        "img/phones/nexus-s.0.jpg", 
        "img/phones/nexus-s.1.jpg", 
        "img/phones/nexus-s.2.jpg", 
        "img/phones/nexus-s.3.jpg"
    ], 
    "name": "Nexus S", 
    "price": "479,50 €",
    "sizeAndWeight": {
        "dimensions": [
            "63.0 mm (w)", 
            "123.9 mm (h)", 
            "10.88 mm (d)"
        ], 
        "weight": "129.0 grams"
    }, 
    "storage": {
        "flash": "16384MB", 
        "ram": "512MB"
    }
}
